,Produk,Ulasan,Rating
1,Skintific 5x Ceramide Barrier Repair Moisture Gel,sebelumnya aku udh coba toner 4dnya skintific dan aku suka bangeettt jadi aku putuskan buat cb moisturizernya tapii ternyata ga cocok karena dia kasih rasa perih di daerah hidungku yg kebetulan daerah paling sensiÂ ,1
2,Skintific 5x Ceramide Barrier Repair Moisture Gel,"sumpah ini di aku biasa bgt ga paham sm org2 yg bilang ini â€œsebagus ituâ€ . menurutku ga bangetttt terlalu overrated so sorry): (ga bikin jerawatan sih di aku, cm gaada efek yg seheboh org2 bilang gt, efeknya ga jauh beda sm hada labo)",1
3,Skintific 5x Ceramide Barrier Repair Moisture Gel,"Males bgt gue ke makan iklan, kt ny bagus untuk jerawat beruntusan, nih gue make hampir 3 Minggu, muka gue malah jerawatan anjirrrr, malah beruntusan... Dah lah gais jgn ke makan iklan dan komen org yg boong... Nyesel gue belinya ,BUANG BUANG UANG BGT!!!! NI KOMEN PALING JUJUR ANJIRRRRRR... gua terlalu ekpektasi muka gua jadi mulus, malah nyesellllll",1
4,Skintific 5x Ceramide Barrier Repair Moisture Gel,Maaf yach... Tp sy sdh pakai seminggu lebih tapi mukaku gampang jerawatan dan bisul2. Mgkn tdk cocok keaku,1
5,Skintific 5x Ceramide Barrier Repair Moisture Gel,"Pengirimannya lama banget, dan harus di ambil dulu ke jnt nya besok besok jangan pake jnt lagi min saran parah pelayanannya, makanya aku kasih 1 bintang maap ya",1
6,Skintific 5x Ceramide Barrier Repair Moisture Gel,"2 kalinya beli disini bener2 kecewa packing tidak terlalu aman dikasih bubble cuman dikit udah gitu penyok pengiriman lama,0as di buka tutupnya ga terlalu rapet kaya yg udh pernah digunakan ya jelas belber kemana2 dalemnya sayang banget ga amanah!",2
7,Skintific 5x Ceramide Barrier Repair Moisture Gel,"Barangnya tumpah gini, pengiriman cuma pke bubble wrap tanpa kardus.",2
8,Skintific 5x Ceramide Barrier Repair Moisture Gel,"Udah 3 jar habis.. cuma kayanya agak berbeda yg terbaru, warna penutup jar nya agak berubah. Spatula jg agak berubah, wanginya jg agak berubah dr semula Efektivitas masih belum tau, tapi malah muncul jerawat dan BREAKOUTT stlh pakai ini hiks.. padahal sblmnya2 gak pernahğŸ¥² agak sedih jadinya akutu",2
9,Skintific 5x Ceramide Barrier Repair Moisture Gel,"Untuk produk ini kurang cocok di muka aku. Walaupun beli karena dipengaruhi racun tasya dan kulit tasya juga tipekal kering. Di aku kalo pake ini abis pake prosuk yg sblmnya bikin lembab terus ditambah produk ini, kelembaban produk yg sebelumnya dipake hilang dan bikin efek muka tambah kering.",2
10,Skintific 5x Ceramide Barrier Repair Moisture Gel,Tolong banget packaginnya Setara shopee mall kok gni ini bubble wrap jg percuma bnyk yg kempes kaya di kasih yg bekas,2
11,Skintific 5x Ceramide Barrier Repair Moisture Gel,Repeat order kesekian kalinya. Karena cocok banget di kulit akuu. Bener-bener bisa mencerahkan. Pengirimannya agak lumayan lama tapi overall aman begitu sampe. Packingnya savety banget. Terimakasih seller!!!,3
12,Skintific 5x Ceramide Barrier Repair Moisture Gel,"suka bgt sma produk nya. hmpir gaada keluhan samsek udh belli 2x malah * klo soal produk * tp pengiriman nyaa, mau nngis aj rasanya aku psen nya tggl 13 maret dan hrs po jdi di krim 26 maret and nyampe nya 13 april.. pdhl aku bener"" butuh produk nya dri bulan lalu. super greget nunggu nya hiks :(",3
13,Skintific 5x Ceramide Barrier Repair Moisture Gel,"Pengiriman nanya cepet bgt tapi sayang bgt yg repair barrier exp nya Deket bgt, stok lama kali ya, mudah-mudahan ga kenapa"" muka guaa min besok"" tolong diperhatikan exp date nya ya soalnya agak ngeri klo pake perawatan muka yg exp nya Deket kaya gini..",3
14,Skintific 5x Ceramide Barrier Repair Moisture Gel,Saya kecewa karena saya pesan moisturizer yang datang malah clay mask. Padahal sedang butuh banget moisturizer nya di gambarnya sama deskripsi jualan moisturizer tapi yg datang malah clay mask,3
15,Skintific 5x Ceramide Barrier Repair Moisture Gel,Baru pertama kali coba lgsg cocok... apalagi saat ini kulitku mengalami skin barrier.. sangat recommanded.. hanya sayang kmrn dipengiriman sangat lama.. sampai 13 hari... toling dong sekelas shopee mall skintific ditingkatkan lg... walopun ini masalahnya di pengiriman.. tp kan pihak skintific ikut merespon.. bukan hanya menyerahkan ke ekspedisi.,3
16,Skintific 5x Ceramide Barrier Repair Moisture Gel,salah satu moisturizer yang cocok di kulit sensitiv aku. saat di aplikasiin gak perih di sekitar area mata. calming nya kerasa. bener bener klo lagi mau perbaiki skin barrier oke banget,4
17,Skintific 5x Ceramide Barrier Repair Moisture Gel,"Ga heran kalo produk ini viral! Dari segi tekstur si enak bgt yaa, kek gel putih gitu dan kalo udh diratain ringan bgt dan menyerapnya jg cepet. Kalo pake ini pas malem besokan nya muka langsung mulus gitu keliatannya wkwkwk. Overall produk ini lumayan mengatasi masalah dehidrasi dan kemerahan di muka ku. Agak overprice but will definitely repurchase!",4
18,Skintific 5x Ceramide Barrier Repair Moisture Gel,"Udah habis ber-jar2. Sampe akhirnya beli yg gede. Cepat nyerapnya, terbaique. Akhirnya beli yg gede skalian biar hemat dan lebih puas. Kalo yg kecil spatulanya ga guna :â€™",4
19,Skintific 5x Ceramide Barrier Repair Moisture Gel,"Moisturaizer paling worth it sih menurut aku, dan sejauh ini udah pakai 2 pack trus beli yang ukuran besarnya karena cocok banget di aku dan bener bener memperbaiki skin barrier aku",4
20,Skintific 5x Ceramide Barrier Repair Moisture Gel,"Krimnya ringan dipakai, creamy pas banget, dipakenya nyaman gak menggumpal mudah diratakan, krna agak berair/gak terlalu solid jd mudah diaplikasikan ke kulit, *belom seharian pakenya, tp sesuai pertama kali pemakaian.",4
21,Skintific 5x Ceramide Barrier Repair Moisture Gel,Produk sesuai. Kualitas bagus. Bahannya bagus. Responnya juga baik. Pengirimannya juga baik. Pengemasannya juga baik. Barang juga tersedia jadi mudah untuk transaksi. Keterangan sudah jelas. Foto sesuai dengan barang yang sampai. Produk original. Semuanya baik. Semoga kedepannya tetap baik. Good job,5
22,Skintific 5x Ceramide Barrier Repair Moisture Gel,Pengirimannya sangat cepat produknya sangat bagus pengemasannya aman mantullll,5
23,Skintific 5x Ceramide Barrier Repair Moisture Gel,"Packingannya aman banget, bubblewrap nya tebel jd aman. Udh pake seminggu, udh kelihatan hasilnya di aku, muka jadi halus, cerah, bruntusan pada hilang, minyak wajah berkurang, trus kelihatan lebih sehat kulitnyaa. Sesuai klaim nya ya, memperbaiki skin barrier. Thx seller",5
24,Skintific 5x Ceramide Barrier Repair Moisture Gel,"Produknya bagus terdaftar di bpom, kerasa lembabnya keliatan glowing wkwk bagus deh pokoknya",5
25,Skintific 5x Ceramide Barrier Repair Moisture Gel,"Wangi teksturnya lembutt, banyak yg sudh buktiin kalo skintific bs ngatasi permasalahan wjh. Semoga cocok dan nyembuhkan breakoutku,, aamiin ",5
26,The Originote Hyalucera Moisturizer Gel,"Saya pesan pelembap dikasi eye cream, maaf saya ga punya waktu untuk pengembalian barang karena KONDISI, Jadi ini pelajaran yah tolong kedepanya lebih teliti buat packing barang.",1
27,The Originote Hyalucera Moisturizer Gel,Pesennya moisturizer yg datang malah eye serum sumpah kecewa bgt ! Lain x lebih teliti dong min,1
28,The Originote Hyalucera Moisturizer Gel,"Menurut saya pengemasannya cukup bagus,tapi yang sngtt membuat saya kecewa itu pengirimannya lelet bgtt hampir sebulan saya nunggu,kelamaan di pengemasan di kirimnya lama .untuk produk saya blm coba",1
29,The Originote Hyalucera Moisturizer Gel,"Saya pesan 6 pcs tapi yang datang cuma 5 pcs moisturizernya gak ada, ini gimana sih penjualnya juga gak ada respon",1
30,The Originote Hyalucera Moisturizer Gel,"ternyata ga cocok, di aku jadi beruntusan parah hehe. gapapa.. skincare emg cocok2 an dan harus sabar nemu yg cocok",1
31,The Originote Hyalucera Moisturizer Gel,Harusnya dapet 2 tapi dikirim hanya 1 Sdh menghubungi penjual tapi ga direspon.,1
32,The Originote Hyalucera Moisturizer Gel,gak cocok sama sekali. satu muka bruntusan dan fungal acne bahkan di bagian wajah yg gak pernah jerawatan. baru pemakaian 1minggu langsung terpaksa stop,1
33,The Originote Hyalucera Moisturizer Gel,Udh pake serum baru pke pelembab ini thu ga cocok.kek cuci muka lahi serumnya kebilas.. ini lebih cocok.disebut Sooting gel dehh dipakai sebelum serum aja,1
34,The Originote Hyalucera Moisturizer Gel,"barangnya udah sampe di aku,but aku udah pake 3 harian dan kulit aku bengkak gara gara beruntusan makin nambah,jadinya ga aku pake deh",2
35,The Originote Hyalucera Moisturizer Gel,"Cocok untuk kulit berminyak, harga sangat bersahabat bagi pelajar tekstur ringan",2
36,The Originote Hyalucera Moisturizer Gel,"Toko ini mengirimkan barang yang tidak sesuai dengan pesanan, mengecewakan",2
37,The Originote Hyalucera Moisturizer Gel,"Maafkan, aku termasuk punya kulit sensitif, saat barang datang langsung kucoba, tapi tidak sampai 10 menit langsung breakout di kulitku.. Jadi mungkin kurang cocok untuk kulit sensitif.. Maafkan jadi ku kasih bintang 2",2
38,The Originote Hyalucera Moisturizer Gel,Belum sampe seminggu ada beruntusan muncul,2
39,The Originote Hyalucera Moisturizer Gel,"Tokonya sih shopee mall,tp pengirimannya luar biasa lama. Pengemasannya jg BIASA aja kaya toko2 biasa lainnya. Ternyata yg udh sekelas shopee mall ga menjamin pengemasan yg bagus.",2
40,The Originote Hyalucera Moisturizer Gel,"baru 2 kali pake the originote ini, tapi emng berasa bikin kulit lembab, kaya healty skin",2
41,The Originote Hyalucera Moisturizer Gel,tolong dong min ini kenapa begini ya ko kacanya bisa penyok pecah begini ya aduhhh rugi bangett nih,2
42,The Originote Hyalucera Moisturizer Gel,"baunya kaya lem, teksturnya gel, packingnya langsung tempatnya gapake kardus moisturizer kaya moisturiser merk lain. Semoga bermanfaat deh di muka",3
43,The Originote Hyalucera Moisturizer Gel,"Kulit ku kombinasi kurang cocok sama ini, malah tambah beruntusan. adekku kombinasi cenderung sensitif, cocok dibagian lain tapi di hidung malah merah2 tapi balik lagi skincare itu cocok2an. Btw, packing nya tebel bgtt amann",3
44,The Originote Hyalucera Moisturizer Gel,"Cepat meresap ke kulit menjadi lengket setelah di taptap, lembab iya",3
45,The Originote Hyalucera Moisturizer Gel,"Meskipun tekaturnya sangat cair, tapi saat di aplikasikan di wajah terasa lengket. Cukup melembabkan",3
46,The Originote Hyalucera Moisturizer Gel,keracunan twitter tp mengecewakan..untung murah,3
47,The Originote Hyalucera Moisturizer Gel,Membantu banget buat muka ku biar ngga kering sksnshshj lumayan hasilnya okee,3
48,The Originote Hyalucera Moisturizer Gel,"pengemasan agak lama sih, pengiriman nya standar lah. packing nya agak risky krn walaupun bubble wrap tebal tapi produk nya itu ngga ada kardus yg ngelindungi. produk nya banyak org yg beli tp knp ngga ada kardus yaa...",3
49,The Originote Hyalucera Moisturizer Gel,"Barang sesuai hanya saja pengiriman sangat sangat lama, sampe capek nunggunya",3
50,The Originote Hyalucera Moisturizer Gel,Baagusss semoga cocok yah amiinn pen bersih mukanya intinya mah mantulll aw suka deh lope you pull bagus bagus bagus,4
51,The Originote Hyalucera Moisturizer Gel,"saya baru mencoba moisturizer ini, semoga saja cocok di kulit saya ini. dan mengiriman nya juga lumayan cepat dan barangnya aman sampe tujuan",4
52,The Originote Hyalucera Moisturizer Gel,"Barang sampai dengan baik, pengemasan aman bubble wrap nya tebal bgt, kukira produknya berkerdus ternyata tidak. Baru pertama coba smoga cocok. Terimakasih",4
53,The Originote Hyalucera Moisturizer Gel,Membuat lembab tipis tipis udah cukup buat nglembabpin muka,4
54,The Originote Hyalucera Moisturizer Gel,"Produknya sampai dengan selamat, packingnya Dilapisi bubble wrap tebal banget. Produknya ga ada yang tergores ataupun pecah. Untuk efektivitas produknya belum tau soalnya belum dicoba, hopefully cocok di aku.",4
55,The Originote Hyalucera Moisturizer Gel,"Bagus lumayan udh ada perubahan pemakaian 3 hari, packing barang nya jg bagus tebel bgt balonÂ²nya hd barang mudah pecah bisa terhindar",4
56,The Originote Hyalucera Moisturizer Gel,Bagus banget next bakal order lagi,4
57,The Originote Hyalucera Moisturizer Gel,"Pas di olesin ke kulit, teksturnya jadi cair air gitu, jadi menurutku ini aman kalo di pake untuk kulit yg berminyak, atau yg berjerawat, Karna nggak lengket, dan nggak terlalu melembabkan banget , hasil akhirnye jadi kering, cepat meresap",4
58,The Originote Hyalucera Moisturizer Gel,"baguss bangett luv pokonya,pengiriman cepet lagi mantull",5
59,The Originote Hyalucera Moisturizer Gel,"Ini udah ampe jar ke 4 jadi gamau pindah hati lagi moisturizer nya, kalo keabisan terus kalo lagi nunggu po pake moisturizer lain cuma buat urgent. Cinta banget sama originote",5
60,The Originote Hyalucera Moisturizer Gel,"Baru mau coba sih soalnya banyak yg blg bagus ,apalagi ukuran nya gedeeee bat menurut ku. Ada spatula nya juga lagi jadi kan gaperlu pake tangan untuk aplikasiin ke wajah Semoga cocok ,kalo cocok aku order lagi xixixi",5
61,The Originote Hyalucera Moisturizer Gel,"pertama kali coba dan sukaa banget, teksturenya gel ademmm bikin lembab beneran huh make up juga jadi nempel banget yeaay",5
62,The Originote Hyalucera Moisturizer Gel,"jujur, ini gak ada kemasan kardus gitu. jadi, langsung jarnya. but, aku suka banget sama pengemasannya yang super duper aman! bubble wrapnya tebel & gak pelit sama sekali. produk sampai dengan aman. efektivitas produknya juga bagus & cocok di kulitku! sering-sering kasih diskon, ya! thank you!",5
63,The Originote Hyalucera Moisturizer Gel,Udah 3 kali ganti jar. Dan maaf banget wrapnya udh aku buka karena udah dipake. Love banget sama the originote,5
64,The Originote Hyalucera Moisturizer Gel,"produk lengkap dan bagus, bubble wrap super tebel, tanggal kadaluarsa juga masih lama, open pre-order nggak terlalu lama cuma 5 hari, bagus untuk harga segitu. thanks you seller",5
65,The Originote Hyalucera Moisturizer Gel,Ini emang mosturezing yang bagus di kulit aku bener bener cocok di kulit aku aku udh beli 3 dan emang sebagus itu!!!,5
66,Somethinc Ceramic Skin Saviour Moisturizer,"Waduh setelah dicoba beberapa lama .. ternyata kulit keringku bukan tambah lembut malah beruntus ... sorry gak cocok ternyata sana kulitku .. dipakainya basah banget, lengket, dan kulit terasa panas ..",1
67,Somethinc Ceramic Skin Saviour Moisturizer,Kecewa banget sama somethinc kirim barang ngak lengkap dan ngak tanggung jawab katanya bakal dikirim yg kurang sekarang malah ngak balas chat saya,1
68,Somethinc Ceramic Skin Saviour Moisturizer,"Baru pertama kali coba, kondisi muka lg mulus cmn 1/2 jerawat namun ga difoto karena gabakal expect tbtb breakout. besokannya mulai muncul jerawat batu, akhirnya stop smua skincare cuman pake si somethinc. tp jd tambah bruntusan dan jerawat batu dmn2. Sampe abis biaya ke dokter krn udh parah bgt",1
69,Somethinc Ceramic Skin Saviour Moisturizer,bener2 ga nyerep sama sekali,1
70,Somethinc Ceramic Skin Saviour Moisturizer,"aku sebelum coba ke muka, test patch dl dideket leher ama dada, pas udh bbrp jam gatal"" Trs ada bintik merah, berarti gak cocok di aku yahh sayang bgt, tapi ini aku mo test lagi krn baru 1Ã— test, gak cocok diaku blm tentu ga cocok di kalian ya,kalo mo nyoba beli yg 25 ml aja",1
71,Somethinc Ceramic Skin Saviour Moisturizer,"Tekstur lebih cair & lebih bening drpd yg kemasan 30 gr, waktu pakai yg 30 gr kulitku cocok, akhirnya beli yg isi lebih banyak, tp ternyata bikin jerawat & bruntusan, formulasi sepertinya beda dg yg kemasan 30 gr. Huhu, kapok, nyesel kenapa ga beli yg size kecil lagi aja :(",1
72,Somethinc Ceramic Skin Saviour Moisturizer,"Kandungan yg skrg kurang bagus, di kulit kering. Bagusan kandungan yg dulu warna gel nya putih. Sekarang agak cair:(. Aku beli di 3 tempat berbeda aku pikir palsu dan coba beli disini official store nya ternyata sm. Jd punya 3 stok tp kurang cocok di aku sayang banget:(((",1
73,Somethinc Ceramic Skin Saviour Moisturizer,Produk ini ga nyerep diwajahku dan bikin bruntusan huhu,2
74,Somethinc Ceramic Skin Saviour Moisturizer,"Jjr tekstur nya bgs bgt si ini tpi ekspetasi sy terlalu tinggi dgn nh produk karena rata"" review nya bgs tpi di sy g bngt dgn tipe klit kombinasi and sensitif ini krna bikin beruntusan and jerawat pas pkai kek panas trtarik gitu, gatal and kulit aku jdi tambah gelap pdhl baru skli cb tp udh g cck aj",2
75,Somethinc Ceramic Skin Saviour Moisturizer,Packingnya cuman pakai buble wrap sama plastik trus pecah deh..,2
76,Somethinc Ceramic Skin Saviour Moisturizer,Warna dan tekstur beda sama yang lama. Somehow jadi ngerasa lebih lengket.,2
77,Somethinc Ceramic Skin Saviour Moisturizer,"Pertama kali ngasih rating rendah . Ini udh pembelian kesekian kali dan emang cocok sama produknya. Produknya bagus, tapi yang kali ini agak kecewa pengirimannya",2
78,Somethinc Ceramic Skin Saviour Moisturizer,"Ini formulanya berubah? Perasaan dlu wrna nya bening skrg jdi putih yak? Teksturnya jga gak seenak dlu. Dlu bgtu pke lgsg berasa adem, kulit kenyal n hydrate bgt. Skrg b aja. Sad deh.",2
79,Somethinc Ceramic Skin Saviour Moisturizer,"Produk tdk menyerap dengan baik, terasa sangat lengket di muka, diberi spatula tapi kurang efektif karena susah digunakan",2
80,Somethinc Ceramic Skin Saviour Moisturizer,Sejauh ini masih cocok. Ekspired date juga masih lama. Semoga kedepannya tetap cocok. Cuma kurang suka dgn spatula nya. Tidak ada tempat utk spatulanya sehingga saya akali utk taru di bawah tutup nya. Namun jd lengket kemana2. Baiknya yg mau beli yg ukuran besar yg packaging lebih steril.,3
81,Somethinc Ceramic Skin Saviour Moisturizer,Saya kurang suka karena di kulit wajah saya terasa lengket jadi kelihatan berminyak. ,3
82,Somethinc Ceramic Skin Saviour Moisturizer,"Udah pake ini seminggu, di aku kok rasanya susah bgt meresap ya, dan kulitku kering bgt ini ga bisa bikin lembab sih, terus muncul jerawat gatau knp munhkin ga cocok di aku. Tapi packagingnya bagus dapet spatula kecil juga.",3
83,Somethinc Ceramic Skin Saviour Moisturizer,Pengiriman depet lumayan mudah2an cocok yawwwwww aminnnnn krna harganya lumayan mehong hufff,3
84,Somethinc Ceramic Skin Saviour Moisturizer,"Pengiriman lambat mungkin krn banyak orderan,saya coba dulu cocok apa tdk terima kasih.",3
85,Somethinc Ceramic Skin Saviour Moisturizer,"Agak kecewa pas tau daya serapnya lama sekali. Apalagi kalau diaplikasikan di hari agak panas, udah lah muka lsg basah karena dipakai diruangan ber AC pun penyerapannya lama. ",3
86,Somethinc Ceramic Skin Saviour Moisturizer,"Harganya lumayan mahal untuk ukuran 25ml. Untuk tingkat kelembapan memang oke, tapi menyerapnya lama bgt",3
87,Somethinc Ceramic Skin Saviour Moisturizer,"Enak dipake kalo malem besoknya pasti langsung plumpy, kalo dipake untuk pagi berat bgt.",4
88,Somethinc Ceramic Skin Saviour Moisturizer,Lebih milky warnanya dan ga se-gel-ly sebelumnya. Malah sedikit ga nyaman ketika di pake.,4
89,Somethinc Ceramic Skin Saviour Moisturizer,"Akhirnya nyobain inii, lembap sih abis pake ngerasa kenyal aja kulit",4
90,Somethinc Ceramic Skin Saviour Moisturizer,Mantap si produk ini di kulit super sensitif aku. Lembab juga. ,4
91,Somethinc Ceramic Skin Saviour Moisturizer,"Ini bagus dan cocok di saya, tapi mahal banget.",4
92,Somethinc Ceramic Skin Saviour Moisturizer,"Baru mau coba..udah bosen dg jerawat n bekasnya hampir setahunan ini,,huhu mudah2n sesuai rekomendasi n review tmn2..",4
93,Somethinc Ceramic Skin Saviour Moisturizer,"Ini repurchase lg, udah cocok sama moisturizel ini, bikin lembab seharian. Thank you",4
94,Somethinc Ceramic Skin Saviour Moisturizer,"memberi & mengunci kelembaban 24 jam, kulit jadi kenyal, tampak sehat dan bersinar",5
95,Somethinc Ceramic Skin Saviour Moisturizer,Kualitas produk yg dikirm sangat baik,5
96,Somethinc Ceramic Skin Saviour Moisturizer,cepat meresap,5
97,Somethinc Ceramic Skin Saviour Moisturizer,Tekstrunya gel cream transparan kelabu. Pas dipakai atau dioles kosnsitensi gel cremnya agak padat seperti balsem dan agak licin ya. Dapat meresap dengan baik meski gak cepet2 amat. Tekstur nya gel cream ringan ,5
98,Somethinc Ceramic Skin Saviour Moisturizer,"Di kulit ku cocok, ini sudah tube ke 5, make nya nyaman banget",5
99,Somethinc Ceramic Skin Saviour Moisturizer,"kemasannya praktis tinggal ditekan aja gelnya langsung keluar, jadi mengurangi kontaminasi..",5
100,Somethinc Ceramic Skin Saviour Moisturizer,di kulit aku lembab banget,5
101,Cosrx Oil Free Ultra Moisturizing Lotion,"kata orang-orang ini cocok banget buat oily skin, tapi di aku ga cocok sama sekali, bikin berminyak, dan paginya bikin wajah udah kayak lautan minyak, apa lagi kalo pas lagi keringetan. dahlah",1
102,Cosrx Oil Free Ultra Moisturizing Lotion,"Ini dulu ngehype banget jadi aku kepo buat nyobain. Apalagi klaimnya oil free. Tapi ternyata aku ga cocok sama sekali. Kulit aku langsung breakout dan yang tipe jerawat batu gitu. Mungkin kurang cocok karena kulit aku sensitif dan ini ada perfume nya yg menurutku lumayan kecium. Plus entah kenapa masih ada kandungan oil nya walaupun namanya oil free. Overall aku agk kecewa sih, apalagi harganya lumayan mahal. Jadi terpaksa sayang diabisin aja",1
103,Cosrx Oil Free Ultra Moisturizing Lotion,"kulitku sensitif, setelah aku mekakai teksturenya itu agak berminyak di wajah aku yang cenderung kombinasi, baunya dan rasa sedikit perih atau mint gitu mungkin emang dari kandungan extraxt nya. menurut aku produk nya kurang nyaman di aku. karena tidak langsung teresap ke kulit",1
104,Cosrx Oil Free Ultra Moisturizing Lotion,Memutuskan buat beli karena review nya yang pada bagus dan kebetulan mukaku emang oily banget parah. Terus pas udah di pake gatau kenapa besok pagi nya nimbul bruntusan. Sedih banget. Tapi aku lanjut pake dan ini udah hari ke 4 dan bruntusan makin banyak. Sedih banget kayanya emang ga cocok sama produk ini. Terus berasa kusam aja gt loh mukanya kalo pake ini tuh.,1
105,Cosrx Oil Free Ultra Moisturizing Lotion,"Big no buat ini, muka yg berminyak jadi tambah berminyak mungkin ini cocok buat kulit kering kali yaa..... Baunya khas bgt, apek waktu aplikasikan huhuhu",1
106,Cosrx Oil Free Ultra Moisturizing Lotion,bikin muka oily dan bruntusan,1
107,Cosrx Oil Free Ultra Moisturizing Lotion,di kulit aku yang sensitif jadi merah-merah dan minyakan banget,1
108,Cosrx Oil Free Ultra Moisturizing Lotion,"Pakai 1 bulanan mosturizer ini entah kenapa jadi tumbuh jerawat 1 per 1. Setiap malem pake, paginya ngga berminyak bgt sih tapi suka muncul merah-merah trus nantinya jadi jerawat. Texture setelah dipakai velvety bukan yg terlalu berminya atau menyerap sempurna juga Padahal isinya banyak bgt dan hemat bgt hitungannya kalau harga segitu, sayang ga cocok",2
109,Cosrx Oil Free Ultra Moisturizing Lotion,"setelah pemakaian 4 bulan, masih belum kelihatan efeknya selain melembapkan benerapa jam saja. tekturenya dan wanginya enak, sedikit kelihatan greasy but not feel like oil. butuh waktu untuk menyerap ke kulit. klaim sebagai all healing moisturizing lotion tidak terasa, mau coba sampai habis dulu",2
110,Cosrx Oil Free Ultra Moisturizing Lotion,sedih banget ga cocok. padahal suka banget sama teksturnya. dia ada silikonnya jadi nyumbat pori-pori aku. bikin bruntusan dan numbuhin bulu wajah:(((,2
111,Cosrx Oil Free Ultra Moisturizing Lotion,"Texturenya enak sih bikin dingin gitu dan cooling buat kulitku kalo lagi sensitive. Tapi kalo di aku jadinya over minyak, kalo pake malem malem besok paginya minyak di mukaku lebih dari biasa.",2
112,Cosrx Oil Free Ultra Moisturizing Lotion,"Gatau cocok ap gak sama ni moisturizer. Tipe kulit gw oily + acne prone dan kalo pake moisturizer ini tuh muka gw jd merah2 di area yg lagi jerawatan. Dan ini jg bikin muka gw jd kilang minyak. Tekstur nya thick bikin agak berat dimuka dan jd kaya tebel gt mukaâ€™nya, Packanging nya oke karna dia tube gitu jd bersih lah kalo dipake gak colak colek kaya jar dan botolnya tuh plastic dope transparant gt jd kita bisa liat isi dari produknya.",2
113,Cosrx Oil Free Ultra Moisturizing Lotion,"ini produk cosrx yg paling gak cocok di aku. setiap pake moisturizing ini breakout muncul dimana mana, padahal bagus banget kalo buat ngelembapin",2
114,Cosrx Oil Free Ultra Moisturizing Lotion,"Wangi nya cukup mint2 gt ya aku kurang suka tp kalo udah di aplikasiin sih gak masalah. Entah kenapa di aku makin berminyak kalo pake ini, kalo huat repurchase sih engga dulu kayanya mau cari yg lebih cocok",2
115,Cosrx Oil Free Ultra Moisturizing Lotion,Bagus banget efektif shay karena engga bikin kulit minyakan. Tapi kalau udh mau abis biasanya ada yg ngendap di bawah. Susah buat dipencet.Â ,3
116,Cosrx Oil Free Ultra Moisturizing Lotion,"salah satu alternatif buat mois, isinya lumayan banyak jd worth it bgt buat harga segitu, dan kalo dipake bener bener bantu buat nahan minyak dimukaa aku",3
117,Cosrx Oil Free Ultra Moisturizing Lotion,"Enak banget gak terlalu lengket di muka dan gak bikin berminyak, cukup 2 pump udh bisa buat semuka dan cukup bgt aku sukaaa banget sm produk ini ter the best",3
118,Cosrx Oil Free Ultra Moisturizing Lotion,"aku baru coba pake ini karena rekomendasi dari temen ku, semoga cocok. texturenya ringan dan cukup melembabkan. harganya pun worthit dengan isi segitu, yakin si bakal habis buat berbulan bulan",3
119,Cosrx Oil Free Ultra Moisturizing Lotion,"Sesuka itu sama pelembab ini, ini teksturnya cepat nyerap ke kulit. Cocok ke wajah aku yg agak oily gitu, dan paling suka sama pelembap yang baunya ga macem-macem",3
120,Cosrx Oil Free Ultra Moisturizing Lotion,"tidak bikin beruntusan, hasil akhir nya tidak glowing dan bisa di gunakan sehari2. tapi menurut aku kurang hydrate dan tidak kerasa efeknya di muka. mungkin akan lebih cocok ke yang kulitnya super oily but still dehidrated.",3
121,Cosrx Oil Free Ultra Moisturizing Lotion,Kurang cocok di aku 3 hari pakai langsung beruntusan di jidat banyak banget. Tapi untungnya langsung ilang dalam 2 hari gak tau ini efeknya emang begini apa gimana,3
122,Cosrx Oil Free Ultra Moisturizing Lotion,"Jenis kulitku kering dan butuh banget hidrasi yg cukup. Beli ini buat day moisturizer, sebelum sunscreen. Tbh, gara gara ada kata â€œoil-freeâ€ sempet nyangka bakal ga nendang di kulitku. But nope, it works wonder on my skin! Sangat hydrating and moisturizing. Dia texture nya sedikit silicone-y dan lembut.",4
123,Cosrx Oil Free Ultra Moisturizing Lotion,"Melengkapi seri Perawatan Cosrx tentu aku setiap hari menggunakan pelembab , oil free ultra moisturizing ini, bener2 melembabkan kulit, tekstur lembutnya menyerap dengan cepat ke kulit muka tanpa meninggalkan kesan muka yang mengkilap seperti pabrik minyak, reken sekali, thx cosrx",4
124,Cosrx Oil Free Ultra Moisturizing Lotion,"Sukaa banget sama wangi dan teksturnya, packgingnya bagus, cepat nyerap di kulit terus adem lagiiii Sayang nya agak mahal sih, purchasenya kudu nunggu diskon dan tanggal cantik biar dapat potongan ekstra wkwkwkkwkwk",4
125,Cosrx Oil Free Ultra Moisturizing Lotion,"ngelembapin banget, terus nyaman di muka gak terlalu lengket kalo mau pake sebelum pake make up juga gak begitu ngeganggu terus ringan juga, baru pertamakali coba dan alhamdulillah nya cocok",4
126,Cosrx Oil Free Ultra Moisturizing Lotion,"Udah gak tau ini botol keberapa, yang jelas ini mosturizer paling cocok yang pernah aku pake! Sesuai namanya ini gak ninggalin minyak sama sekali, cocok di muka aku yang kombinasi, dan jadi gak berat walaupun sebelumnya udah pake beberapa step skincare lain. Tapi mungkin bagi yg kulitnya kering banget banget ini kurang sih, soalnya aku beberapa waktu lalu sempet ke daerah yang kering banget dan mukaku ikutan kering pake ini doang gak begitu ngaruh",4
127,Cosrx Oil Free Ultra Moisturizing Lotion,"setelah pakai produk ini muka ku jadi lebih lembab dan minyak di muka berkurang . tapi gapapa, ada harga, pasti ada kualitas. semoga kedepannya selalu cocok pakai produk ini",4
128,Cosrx Oil Free Ultra Moisturizing Lotion,"Lama bgt ini habisnya. Packaging enak bgt krna higienis, dibandingkan dgn moisturizer lokal yg pake jar gitu. Melembabkan sih tp nggk super2 ya, menurut aku standar aja hidrasinya. Baunya enak bukan parfum gt, rada kayak bau herbal (?) Harganya worth it dgn jangka waktu pemakaian yg lamaaa bgt. Tp kalo kulit super kering menurut aku skip aja. Teksturnya unik btw, nggk greasy",4
129,Cosrx Oil Free Ultra Moisturizing Lotion,"oil free ultea moisturuzing lotion (with birch sap), bagus untuk kulit combinasi, sangat melembabkan untuk dikulit yang dehidrasi dan kering..dan membuat kulit kita sehat kembali.",5
130,Cosrx Oil Free Ultra Moisturizing Lotion,"gausah di tanya udah pake ini dari 2018, moisturizer nya ringan tapi tetep berasa muka lembab nyerep juga cepet. baunya enak juga ini mah juara suka bangettt",5
131,Cosrx Oil Free Ultra Moisturizing Lotion,"menurutku, ini ter the best sih, soalnya pas di aplikasikan ke wajah tuh enak banget, wangi nya juga seger. pengirimannya juga cepet bangetttttttttttt",5
132,Cosrx Oil Free Ultra Moisturizing Lotion,"cosrx ga pernah salah sih ya selalu ampuh, apalagi di muka aku yg kering banget, kalau pake cosrx suka langsung sembuhhhhhhhhhhhhhhhhhhhhhhhhhhhhhhhhh",5
133,Cosrx Oil Free Ultra Moisturizing Lotion,"Sudah pembelian ke beberapa kali, selalu cocok dengan product ini tetap ringan dan aman di pakai krn muka saya cukup sensitive untuk product, tidak lengket",5
134,Cosrx Oil Free Ultra Moisturizing Lotion,my holy grail!!!!!!! sangat melembabkan kulit wajahku yang setengah kering setengah minyak alias kombinasi iniiii. udah sering banget repurchase produ..,5
135,Cosrx Oil Free Ultra Moisturizing Lotion,"Setelaaah pencarian lama, mencari pelembab yang cocok di mukaku akhirnyakuu menemukannya hehe. Walaupun baru pake 1 minggu. Ini enak bangettt ga biki..",5
136,Hada Labo Gokujyun Ultimate Moisturizing Lotion,"Dapet produk hadalabo ini dari socobox dan ini skincare rangkaian kulit kusam. Dan sedih banget banget banget gak cocok parah sama produk ini. Produk ini bentuknya cair warna bening dan gak berbau menurutku. Sebenernya dapet 2 produk hadalabo dan 1 produk laneige. Dan semuanya gak cocok. Mau nangis gak lo? ;;; muka jd breakout parah. Jerawatan, bruntusan, gradakan pokoknya muka jd hancur dalam 2 kali pemakaian produk ini. Alhasil gaberani lanjut lagi make produknya ini. Ngilangin breakout di wajah juga lumayan lama biar balik kaya semula lagi. Sedih gak cocok sama produk ini",1
137,Hada Labo Gokujyun Ultimate Moisturizing Lotion,"Aaa gak cocok. Sedih. Pdhal harga ny murah buat hydration toner. Niat mau lengkapin list skincare, tp yg ini malah bikin bruntusan. Mnrut ku cairan ny jg trllu cair buat d pake tanpa kapas. Jd tumpah2 d sela2 jari klo pake ini. Langsung kujual stelah seminggu pake gk ada efek yg baik d wajah",1
138,Hada Labo Gokujyun Ultimate Moisturizing Lotion,"Entah kenapa gak cocok sama produk ini. Mungkin karna kulit aku tipenya berminyak & sensitive , jadinya bikin muka jadi tambah berminyak terus juga timbul jerawat sama bruntusan, kalo di aku bikin mukaku keliatan kusam.",1
139,Hada Labo Gokujyun Ultimate Moisturizing Lotion,gak sukaa ih bikin kulit gua kering nyesel banget belii gak cocok sama kulit sensitif aku. gak mau coba lagiii jadi bikin beruntusannn aku sedihhh bener bener gak suka susah benerin kulit yg sensitif butuh waktu yg lama,1
140,Hada Labo Gokujyun Ultimate Moisturizing Lotion,Super sedihhh.. karena dengan produk ini muka aku iritasi. Padaha aku berharap dia bisa bersahabat dengan kulit ku yg sensitif krn tekstur yg cair dan gak ber bau. Tapi ternyata boommm.. krg lebih 3s.d4x pemakaian gak timbul jerawat tapi muka ku mengelupas dan gatal sampe gabisa tidur dan kulit ku jd superr kering :'(,1
141,Hada Labo Gokujyun Ultimate Moisturizing Lotion,"Ga cocok di akuu. Gatau kenapa ini malah bikin wajahku jadi makin kusem dan makin super duper oily Ini bisa dijadiin toner gitu sii Teksturnya air biasa gitu, gaada wanginya juga Nyesel banget beli ini huhu",1
142,Hada Labo Gokujyun Ultimate Moisturizing Lotion,"Review org banyak yg cocok tp di aku ga cocok. Pdhl pengen bgt cocok sm produk ini:( pernah make sekali trs beruntusan akhirnya stop, udh ga bruntusan. Nyoba make lg, krna emg pgn cocok. Eh ternyata ga cocok juga. Bikin kulit bruntusan bgt. Huhu sedih",1
143,Hada Labo Gokujyun Ultimate Moisturizing Lotion,"awal pake ini tuh sempet breakout, gara gara pakenya kaya kebanyakan gitu, dan ternyata pakenya 2-3 tetes juga udah cukup melembabkan kulit kita. buat kulit yang kombinasi kaya aku, pakenya cukup 2 tetes aja ya.",2
144,Hada Labo Gokujyun Ultimate Moisturizing Lotion,"Kulitku acne prone dan apparently dia bikin aku bruntusan dan ada jerawat kecil kecil gituu. Sebenernya teksturnya enak sih cair watery gitu dan hydratingnya nampol, sayangnya ga cocok sama kulitku :(",2
145,Hada Labo Gokujyun Ultimate Moisturizing Lotion,"awal nya tertarik karena banyak review super bagus untuk produk ini, untuk efek moisturizing nya dari hasil pemakaian ku sih standart ya, aku pakai nya si Gokujyun Ultimate Moisturizing Lotion ini dengan face wash nya saja , kalau dipakai dengan rangkaian lengkapnya mungkin lebih maksimal hasilnya, tapi untuk aku sendiri sepertinya bakal gak ketemu lagi dengan produk ini.",2
146,Hada Labo Gokujyun Ultimate Moisturizing Lotion,"Beli serangkaian, pake malah bikin bruntusan naik. Ga tau kenapa, padahal banyak orang yang cocok. Berharap banget sama produk ini tapi sayang ga cocok.",2
147,Hada Labo Gokujyun Ultimate Moisturizing Lotion,Moisturizer ini mengandung 3 jenis hyaluronic acid yang membantu meningkatkan kelembaban pada kulit dan mempertahankan keseimbangan sert kelembaban kulit. Recommended produk ini untuk kulit kering,2
148,Hada Labo Gokujyun Ultimate Moisturizing Lotion,Buat yang kulitnya kering kerontang seperti akuu sih cocok bgt pake ini. Bener2 ngelembapin parah sih. Teksturnya watery jadi gampang menyerapnya. Gaada wanginya dan non alkohol jd aman banget kan. Tapi terkadang jadi kusam dan rada bruntusan karna saking moistnya. Jadi aku pake ini kalo dirasa kulitnya bener2 kering aja kaya pas musim hujan tuh kan bikin muka kering.,2
149,Hada Labo Gokujyun Ultimate Moisturizing Lotion,"Ini gak terlalu cair rada kental lumayan lama menyerapnya,warnanya kental dan bikin redness jerawat jadi calm banget tapi bikin komedo makin meraja lela larena clog pores huh padahal cinta banget sama toner satu ini",2
150,Hada Labo Gokujyun Ultimate Moisturizing Lotion,"Teksturnya ringan dan ingredientsnya juga aman buat kulit jadi ga buat kulit jadi aneh aneh. so far, produk ini aku jadiin toner. dan selama 2 bulan terakhir ini, aku selalu pake si hadalabo ini.",3
151,Hada Labo Gokujyun Ultimate Moisturizing Lotion,baru pakai 2 hari ngak cocok ğŸ¥ºğŸ¥ºğŸ¥º tpi untuk kelembapan bagus. cman aku tidak cocok lansung tumbuh kerawat kecil-kecil diwajah sekitar pipi dan dagu. maaf ngk ada foto krna langsng aku kasi teman aku,3
152,Hada Labo Gokujyun Ultimate Moisturizing Lotion,"Untuk teksturnya sendiri cair kayak toner, gak ada bau yang menggangu, gak bikin perih juga. aku pakai untuk oily skin, tapi gak tau kenapa dikulitku yang oily dan acne prone ini sama komedoan, setelah pakai ini komedo jadi pada keluar gitu. Terus bikin kulitku jadi kering dan kayak mengelupas ğŸ˜­. Sedih sihhh padahal banyak review bagus tapi di aku kurang cocok, cuma tetap aku lanjutin pakai utk night karena bangunÂ² kulit jadi lembab.",3
153,Hada Labo Gokujyun Ultimate Moisturizing Lotion,"Toner yang sangat bagus! Dia sangat melembapkan dan setelah pake ini muka rasanya kenyel dan lembut. Packagingnya lumayan imut jadi mudah dibawa travelling. Teksturnya lumayan beda sama kebanyakan toner, dia agak lengket dan kentel. Baunya fine-fine aja, gak terlalu mengganggu. Minusnya cuma harganya lumayan mahal karena dia gak terlalu banyak jadi kalau mau make berlebihan jatohnya sayang. Tapi overall aku suka karena dia sesuai dengan fungsi dan bikin muka lebih cerah",3
154,Hada Labo Gokujyun Ultimate Moisturizing Lotion,Aku beli ini karena reviewnya bagus buat kulit yang kering secara kulitku itu kering. Dan selama pake ini lumayan sih agak sedikit ngelembabin tapi juga bikin beruntusan nggak tau kenapa. Sedih banget nggak ttau kenapa.,3
155,Hada Labo Gokujyun Ultimate Moisturizing Lotion,"Produk ini sayangnya gak cocok di wajahku, entah kenapa. Setelah pakai ini malah wajahku makin kusam, minyak makin gak terkontrol dan pori-pori wajah makin kelihatan.",3
156,Hada Labo Gokujyun Ultimate Moisturizing Lotion,"Kesayanganku pada masanya. Dulu cinta bgt sama toner ini karena ngelembabin banget, tp setelah dipakai lumayan lama efeknya ga kayak dulu lagi, skrg ga terlalu ngelembabin gatau kenapa teksturnya cair bgt, pas diaplikasikan ke muka enak enak aja tapi lama banget nyerepnya. Jadi ga terlalu suka",3
157,Hada Labo Gokujyun Ultimate Moisturizing Lotion,"Meskipun disebut sebagai lotion, tapi lotion ini memiliki tekstur yang sangat cair, sehingga saya menggunakannya sebagai toner. Karena teskturnya yang berupa lotion, produk ini sangat melembapkan kulit namun juga cepat menyerap dan tidak lengket.",4
158,Hada Labo Gokujyun Ultimate Moisturizing Lotion,"waktu kulit dehidrasi parah langsung beli ini dan ternyata efektif bgt, kulit langsung terhidrasi dgn baik, cepet nyerepnya juga, ga bikin BO jg, plus harganya murah",4
159,Hada Labo Gokujyun Ultimate Moisturizing Lotion,"my second bottle using this product! dan sebentar lagi juga habis nih botol kedua aku. aku suka banget teksturya yang thick tp cepet meresap di wajah. ini mirip sama brand korea py*nk*ngy*l tapi yang ini memang lebih cair d bandingkan brand korea tsb. but i love this one more! utk harga kalian sdh tau memang hadalabo ini harganya bersahabat banget yaa. efeknya pun ok, yang pasti aku akan terus pake toner ini sampe nanti ketemu yang lebih enak lagi :)",4
160,Hada Labo Gokujyun Ultimate Moisturizing Lotion,Gilasihhhh ada mousturizer yang semurah ini dan memang melembabkan lohhh teksturnya kalo pemula apalagi masih pelajar aku sangat merekomendasikan sih murah coy,4
161,Hada Labo Gokujyun Ultimate Moisturizing Lotion,"kulit aku normal to dry trs hemat juga bisa tahan lama karna isi nya banyak trs tekstur nya sukak ga terlalu cair gitu,soalnya kl terlalu cair kaya ga pake skincare",4
162,Hada Labo Gokujyun Ultimate Moisturizing Lotion,"Lotionnya enak dipakai, seperti air tapi agak lengket setelah ditepuk-tepukin ke muka. Tapi juga nggak ganggu sama sekali. Baunya bahkan nggak ada, sangat membantu dry skin aku. Setelah pakai kulit jadi lebih cerah.Â ",4
163,Hada Labo Gokujyun Ultimate Moisturizing Lotion,"Produk ini bikin wajah terasa lebih segar dan terasa lebih lembut setelah cukup lama.. awalnya sih usai pemakaian menurutku bikin wajah terasa agak kesat, balik lagi ke jenis kulit kalian sih.. mungkin di tipe kulitku agak kurang cocok dengan produk ini,",4
164,Hada Labo Gokujyun Ultimate Moisturizing Lotion,"aku baru dua kali pemakaian dan ada sedikit perubahan pas pake toner ini. kata mama kulitku jadi agak elastis gitu, pas aku pegang ternyata beneran dong agak elastis gimanaa gitu. worth it to buy si, dan aku bakal repurchase",5
165,Hada Labo Gokujyun Ultimate Moisturizing Lotion,Moisturizer dgn harga terjangkau emg gak salah sih selalu hadalabo.. but yg ini cocok untuk kulit dry to normal yaaa ğŸ˜ bagus jg klo yg mau kembali ke basic skincare untuk perbaiki skin barrier yg rusakÂ ,5
166,Hada Labo Gokujyun Ultimate Moisturizing Lotion,"Ini enak banget ku jadikan toner setelah cuci muka, kulitku agak kering dan sensitif, apalagi bagiab cuping idung ,pas pake ini langsung nyaman, tehidrasi, lembab , bening seperti air, harganya affordable isinya banyak, awet bisa sampe 4 bulan baru abis.. botol ke 2 and will repurchase..",5
167,Hada Labo Gokujyun Ultimate Moisturizing Lotion,my first purchase in soco app bcs im too scared to buy it in toko oren :p idk tapi pas pake ini my skin feel much better than before. jadi kerasa lebih terhidrasi terus jadi plumpy,5
168,Hada Labo Gokujyun Ultimate Moisturizing Lotion,Penyelamat disaat muka ku mengalami kekeringan yang cukup parah.,5
169,Hada Labo Gokujyun Ultimate Moisturizing Lotion,"moi favorite moisturizer! sebagus itu emang dan awet banget ga abis abis, dia bener bener ngelembapin muka aku yang kering, dia juga ga bikin muka jadi berminyak",5
170,Hada Labo Gokujyun Ultimate Moisturizing Lotion,"Efektif melembabkan kulit aku yang kering di beberapa bagian, texturenya cair aga kental sehingga mudah menyerap, tidak lengket pokoknya nyaman banget di kulit. Tidak meninggalkan reaksi alergi atau semacamnya. Packagingnya suka banget ciri khas si hadalabo dan harganya terjangkau banget untuk satu botol aku bisa habiskan dalam 3 bulan hehe",5
171,Emina Moist In A Bottle Moisturizer,"pelembab ini dipake sangat sumuk dan greassy, kurang lembab juga, teksturnya agak cair dan warnanya putih susu gitu, packagingnya sih lucu tapi agak susah kalo ngeluarin poduknya soalnya kalo dipencet agak keras tapi kalo ditepuk2 bawahnya yg keluar kebanyakan -_-",1
172,Emina Moist In A Bottle Moisturizer,"beli ini karna butuh moisturizer buat pergi pergi keluar rumah, tapi aneh baunya terlalu menyengat menurutku sih.. dan bikin muka makin berminyak trus lama menyerapnya huhu sedih",1
173,Emina Moist In A Bottle Moisturizer,"Moisturizer pertama aku nih, for the first time in forever in my life i used this. Dan dia lengket banget, terlalu milky kayaknya. Antara cair dan kentel gitu, kurang nyerap di kulit pokoknya kurang suka sama produk ini. Ini mah ngelengketin wajah bukan ngelembabin.",1
174,Emina Moist In A Bottle Moisturizer,duluu nyobain produk ini karena harga tergolong relatif murah dan yaa dari brand besar aja gitu. tapi pas dicoba kayak kurang oke. malah jd bikin kulit gak bisa nafas jadinya malah gampang keringetan dan minyakan bgt setelah pake moisturizer ini.,2
175,Emina Moist In A Bottle Moisturizer,"Bikin makin kusam rasanya? keringnya lama banget. Baunya kurang enak. Gak melembabkan tapi malah keliatan berminyak. Kulitku kering bagian hidung, pas dikasih ini malah makin perih.",2
176,Emina Moist In A Bottle Moisturizer,"Emina Moist In A Bottle Moisturizer kurang cepat meresap di kulit wajahku dan sedikit meng-hydrate, dan texture nya seperti liquid lotion gitu, aku lebih suka texture cream sih untuk moisturizer. product ini fine-fine saja di kulit wajahku tidak membuat iritasi tapi juga tidak memberi efek apapun seperti mencerahkan melembutkan dll... :)",2
177,Emina Moist In A Bottle Moisturizer,"Nyobain ini karena lihat ratingnya cukup bagus dan harganyaaaaaaa sangat sangat bersahabat. teksturnya gak kental, gak cair juga. tapi sayangnya ini gak begitu ngelembabin di aku, mungkin karena tipe mukaku yang emang bener-bener kering :(",3
178,Emina Moist In A Bottle Moisturizer,"ukurannya mini dan lucu enak buat dibawa kemana-mana, dengan harga yg affordable ini cukup banget buat moisturizing kulit dan ngga menimbulkan efek perih atau yang lainnya. di kulitku yg kombinasi emina ini ga terlalu berminyak kalo dipake siang hari",3
179,Emina Moist In A Bottle Moisturizer,"moisturizer ini di muka aku ga cocok. baru pertama kali pake dan langsung kemerahan plus bruntusan. teksturnya creamy rada lengket menurutku. repurchase? No, sorry emina.",3
180,Emina Moist In A Bottle Moisturizer,"Moist ini murah, gampang dibawa kemana2, baunya ga mengganggu, teksturnya kental. Di aku sebenernya bikin lembab banget, sayangnya setelah beberapa kali pemakaian bikin bruntusan parah di jidat dan dagu.",4
181,Emina Moist In A Bottle Moisturizer,"Aku make moist emina yang ini, kulit aku jadi lembut bangett. Terus selain lembut, kulit aku jadi kenyal-kenyal gimana gitu. Wanginya juga enak menurutku.",4
182,Emina Moist In A Bottle Moisturizer,"jujur bisa dibilang bukan beli buat diri sendiri sih ini, tapi untuk moisturizer dengan harga segitu si terjangkau banget pastinya, brand nya jga terpercaya",4
183,Emina Moist In A Bottle Moisturizer,"Cepet banget menyerapnya, sangat ringan dikulit, bener bener melembabkan tapi nggak bikin kulit kelihatan berminyak. Pengemasan rapih banget, pakai kardus brands sendiri dan sangat aman.",5
184,Emina Moist In A Bottle Moisturizer,"Menyatu dengan lembut di kulit, Emina Moist in a Bottle akan membantu memenuhi kebutuhan hidrasi kulitmu setiap hari. kerenn dah pkonyaaaaaaaaa aaaaaaa",5
185,Emina Moist In A Bottle Moisturizer,"Aku suka banget sama tekstur moistnya, walau menurut beberapa orang itu terlalu cair tapi untuk dimuka aku itu sangat pas bnget. Terus dari aromanya juga gak yang nyengat banget gitu, dia tuh ngelembapin tapi gak bikin berminyak gitu dimuka aku",5
186,Sukin Signature Facial Moisturizer,baunya sangat menyengat dan susah di blend. cukup menyesal beli ini. tp sayang karna harganya lumayan dan isinya banyak jd mau gamau dipake buat badan,1
187,Sukin Signature Facial Moisturizer,"sedih bgt ternyata kulit ku kurang cocok karna salah satu kandungan oilnya ğŸ¥² aku pake sebelum flight jam 4 pagi, 1 jam setelah boarding wajahku mulai berminyak dan panas, trs jam 10 pagi pas nyampe rumah kulitku kyk kebakar dan esok harinya keluar jerawat di pipi padahal aku gapernah jerawatan di pipi. Tekstur nya padahal tipe thick yg aku suka tp ga berjodoh sama beberapa oilnya",1
188,Sukin Signature Facial Moisturizer,"Pake ini berasa jadi banyak komedo bangett, beruntusan. Trus berasa risih gitu mukanya jadi gerah. Packagingnya tube tapi produknya rada encer jadi kebanyakan terus keluarnya. Mungkin ini bakalan cocok sama yang mukanya kering, harganya juga cukup terjangkau",1
189,Sukin Signature Facial Moisturizer,"Beli ini pas hamil karena katanya aman, tapi big no no untuk kulit dehidrasi berminyakku, greasy di muka, berat dan lengket. Rasanya jadi makin berminyak dan gerah. Teksturnya lebih mirip body lotion dari pada moisturizer. Even dipake buat badan pun nggak nyaman saking lengketnya. Literally masih 80% isinya dan nggak dilanjut.",2
190,Sukin Signature Facial Moisturizer,"Aku beli sukin facial moist ini karena lagi pake tonernyaa, dan kupikir bisa cocok juga dan hasilnya bagus di muka karena dari brand yang sama. Tapi ternyata bikin wajahku kusam dan makin berminyak. Mungkin karena ingredients nyaa kali yaa. Tekstur lengket, baunyaa juga aku ga suka, Aku pake cuma 2-3 kali ajaa itupun dikit bangett, ini isinya masih banyak tapi aku gamau pake lagi. Kalo skin type nya dry/normal mungkin bisa pake moist ini, tapi kalo kombinasi/oily, aku tidak merekomendasikan. Kalo ada yang mau beli ini punyaku boleh bangett, seriusann ini masih banyakk",2
191,Sukin Signature Facial Moisturizer,"Mixed feeling for this product. Buat packagingny si bagus dan aman ya, ada lockny. Tpi teksturny kurng suka, lumayan sticky dan kurng lembapin. But still worth to try dengan harga affordable.",2
192,Sukin Signature Facial Moisturizer,kurang suka sih ini.. wanginya enak tp terlalu creamy utk mukaku yg tipe berminyak dan sensitif. pake sehari harus stop 2 hari gt.. kalo dipake setiap hari rasanya lengket dan mulai berjerawat.,3
193,Sukin Signature Facial Moisturizer,"lumayan enak buat kulit normal dan ga kenapa-kenapa, dia vegan friendly dan aman juga buat yg baru pertama kali menggunakan skincare. must try kalo masuh takut2 nyoba produk",3
194,Sukin Signature Facial Moisturizer,"Wanginya soft, tekstur thick tapi lumayan gampanh di blend, ga bikin breakout dan macem2 sih. Efek melembabkannya masih kurang sih kalo di aku.. Tapi worth to buy lah utk dipake sehari2",3
195,Sukin Signature Facial Moisturizer,"Awalnya saya hanya coba coba, terus jadi repurchase teksturnya lumayan thick , kadang bikin gerah, cukup melembabkan wajah, harganya lumayan pricey, ok ok",4
196,Sukin Signature Facial Moisturizer,Wanginya agak enek. Kemasannya pump bikin dia engga ketakar banyaknya yang keluar. Tapi bikin lembab puol,4
197,Sukin Signature Facial Moisturizer,"Cukup hydrating di aku, tidak ada masalah selama pemakaian. Buat nyoba bisa kemasan kecil dulu. Banyak produk hydrating yang lain, namun beli Sukin karena lebih mantep aja naturalnya.",4
198,Sukin Signature Facial Moisturizer,"moisturiser ini membuat kulit saya menjadi halus dan terhidrasi karena moisturiser ini mengandung roseship, avocado, sesame, dan jojoba oils. jadi aman untuk semua jenis kulit.",5
199,Sukin Signature Facial Moisturizer,"Entah ini udah repurchase ke berapa, secinta itu dehğŸ§¡ğŸ§¡ğŸ§¡ sempet coba merk lain tp ga secocok iniğŸ˜© bener2 cocok di skin type aku yg combi-oily dan ga bikin kulit becek sih karena teksturnya lotion.",5
200,Sukin Signature Facial Moisturizer,"Sukakkkkkkkk!!! Akhirnya ada pelembab yang bisa lembabin tanpa harus bikin muka terasa greasy gituuu ğŸ˜­ğŸ¤ di aku gak bikin beruntusan dan gak bikin muka kusam sih. Irit juga, karena cuma pake sebiji jagung aja udah bisa lembabin muka + leher. Keren banget sukin!!",5
